Code,Name
005930,삼성전자
000660,SK하이닉스
402340,SK스퀘어
005935,삼성전자우
005380,현대차
009150,삼성전기
373220,LG에너지솔루션
032830,삼성생명
028260,삼성물산
329180,HD현대중공업
012330,현대모비스
000270,기아
034020,두산에너빌리티
207940,삼성바이오로직스
105560,KB금융
012450,한화에어로스페이스
066570,LG전자
006400,삼성SDI
034730,SK
055550,신한지주
035420,NAVER
068270,셀트리온
267260,HD현대일렉트릭
010120,LS ELECTRIC
042660,한화오션
086790,하나금융지주
006800,미래에셋증권
000810,삼성화재
298040,효성중공업
005490,POSCO홀딩스
000150,두산
042700,한미반도체
011070,LG이노텍
010130,고려아연
009540,HD한국조선해양
010140,삼성중공업
051910,LG화학
015760,한국전력
017670,SK텔레콤
307950,현대오토에버
316140,우리금융지주
267250,HD현대
064350,현대로템
018260,삼성에스디에스
003550,LG
096770,SK이노베이션
003670,포스코퓨처엠
247540,에코프로비엠
196170,알테오젠
035720,카카오
011200,HMM
033780,KT&G
272210,한화시스템
138040,메리츠금융지주
086520,에코프로
024110,기업은행
079550,LIG디펜스앤에어로스페이스
086280,현대글로비스
000720,현대건설
278470,에이피알
071050,한국금융지주
277810,레인보우로보틱스
047810,한국항공우주
030200,KT
006260,LS
010950,S-Oil
064400,LG씨엔에스
259960,크래프톤
036930,주성엔지니어링
0126Z0,삼성에피스홀딩스
016360,삼성증권
005940,NH투자증권
323410,카카오뱅크
047050,포스코인터내셔널
454910,두산로보틱스
443060,HD현대마린솔루션
007660,이수페타시스
039490,키움증권
028050,삼성E&A
005830,DB손해보험
047040,대우건설
005387,현대차2우B
950160,코오롱티슈진
352820,하이브
003490,대한항공
000880,한화
161390,한국타이어앤테크놀로지
003230,삼양식품
001440,대한전선
034220,LG디스플레이
180640,한진칼
353200,대덕전자
000990,DB하이텍
058470,리노공업
000250,삼천당제약
267270,HD건설기계
078930,GS
326030,SK바이오팜
028300,HLB
009830,한화솔루션
062040,산일전기
032640,LG유플러스
021240,코웨이
241560,두산밥캣
090430,아모레퍼시픽
000100,유한양행
128940,한미약품
377300,카카오페이
005385,현대차우
240810,원익IPS
036570,NC
004170,신세계
087010,펩트론
039030,이오테크닉스
066970,엘앤에프
298380,에이비엘바이오
011790,SKC
010060,OCI홀딩스
440110,파두
000500,가온전선
336260,두산퓨얼셀
141080,리가켐바이오
138930,BNK금융지주
029780,삼성카드
088980,맥쿼리인프라
271560,오리온
001040,CJ
004020,현대제철
108490,로보티즈
002380,KCC
052690,한전기술
018880,한온시스템
175330,JB금융지주
023530,롯데쇼핑
022100,포스코DX
082740,한화엔진
214370,케어젠
095340,ISC
178320,서진시스템
222800,심텍
088350,한화생명
450080,에코프로머티
310210,보로노이
347850,디앤디파마텍
103590,일진전기
489790,한화비전
403870,HPSP
319400,현대무벡스
051900,LG생활건강
080220,제주반도체
043260,성호전자
111770,영원무역
251270,넷마블
084370,유진테크
012510,더존비즈온
011170,롯데케미칼
011780,금호석유화학
319660,피에스케이
005850,에스엘
226950,올릭스
302440,SK바이오사이언스
004800,효성
035250,강원랜드
020150,롯데에너지머티리얼즈
036460,한국가스공사
010170,대한광통신
014680,한솔케미칼
001720,신영증권
145020,휴젤
214450,파마리서치
064760,티씨케이
005290,동진쎄미켐
031210,서울보증보험
097950,CJ제일제당
017800,현대엘리베이터
067310,하나마이크론
069960,현대백화점
001450,현대해상
357780,솔브레인
007810,코리아써키트
009420,한올바이오파마
131970,두산테스나
214150,클래시스
139130,iM금융지주
012750,에스원
375500,DL이앤씨
028670,팬오션
383220,F&F
263750,펄어비스
204320,HL만도
457190,이수스페셜티케미컬
032820,우리기술
031980,피에스케이홀딩스
095610,테스
085620,미래에셋생명
139480,이마트
001740,SK네트웍스
004990,롯데지주
000155,두산우
237690,에스티팜
009970,영원무역홀딩스
058610,에스피지
483650,달바글로벌
131290,티에스이
007340,DN오토모티브
000240,한국앤컴퍼니
006360,GS건설
026960,동서
218410,RFHIC
003690,코리안리
257720,실리콘투
004370,농심
439260,대한조선
098460,고영
082920,비츠로셀
071970,HD현대마린엔진
100790,미래에셋벤처투자
279570,케이뱅크
290650,엘앤씨바이오
051600,한전KPS
282330,BGF리테일
007390,네이처셀
011210,현대위아
008930,한미사이언스
083650,비에이치아이
008770,호텔신라
030000,제일기획
00680K,미래에셋증권2우B
103140,풍산
140860,파크시스템스
018670,SK가스
081660,미스토홀딩스
030530,원익홀딩스
068760,셀트리온제약
078600,대주전자재료
005440,현대지에프홀딩스
120110,코오롱인더
097230,HJ중공업
089030,테크윙
322000,HD현대에너지솔루션
161890,한국콜마
140410,메지온
035900,JYP Ent.
007070,GS리테일
229640,LS에코에너지
192820,코스맥스
112610,씨에스윈드
031330,에스에이엠티
000120,CJ대한통운
001430,세아베스틸지주
041510,에스엠
0009K0,에임드바이오
462870,시프트업
420770,기가비스
066575,LG전자우
323280,태성
347700,스피어
089970,브이엠
023590,다우기술
002790,아모레퍼시픽홀딩스
445680,큐리옥스바이오시스템즈
009155,삼성전기우
017960,한국카본
001800,오리온홀딩스
060370,LS마린솔루션
005070,코스모신소재
096530,씨젠
032500,케이엠더블유
039200,오스코텍
181710,NHN
476830,알지노믹스
361610,SK아이이테크놀로지
006280,녹십자
298020,효성티앤씨
437730,삼현
001120,LX인터내셔널
395400,SK리츠
006040,동원산업
003540,대신증권
192080,더블유게임즈
069620,대웅제약
032350,롯데관광개발
077970,STX엔진
101490,에스앤에스텍
020560,아시아나항공
003570,SNT다이내믹스
127120,제이에스링크
475830,오름테라퓨틱
195870,해성디에스
073240,금호타이어
099320,쎄트렉아이
034230,파라다이스
090360,로보스타
281820,케이씨텍
030610,교보증권
007310,오뚜기
417200,LS머트리얼즈
232140,와이씨
189300,인텔리안테크
036540,SFA반도체
490470,세미파이브
004000,롯데정밀화학
003530,한화투자증권
397030,에이프릴바이오
294870,IPARK현대산업개발
475150,SK이터닉스
166090,하나머티리얼즈
051915,LG화학우
090710,휴림로봇
027360,아주IB투자
000815,삼성화재우
003380,하림지주
491000,리브스메드
006110,삼아알미늄
295310,에이치브이엠
093370,후성
012630,HDC
065350,신성델타테크
085660,차바이오텍
195940,HK이노엔
082640,동양생명
466100,클로봇
415640,KB발해인프라
388720,유일로보틱스
000080,하이트진로
281740,레이크머티리얼즈
001820,삼화콘덴서
458870,씨어스
038500,삼표시멘트
328130,루닛
204270,제이앤티씨
089860,롯데렌탈
456040,OCI
000210,DL
356860,티엘비
300720,한일시멘트
048410,현대바이오
161580,필옵틱스
003090,대웅
496320,본시스템즈
185750,종근당
115180,큐리언트
137400,피엔티
183300,코미코
003470,유안타증권
388210,씨엠티엑스
100090,SK오션플랜트
003240,태광산업
083450,GST
071055,한국금융지주우
330590,롯데리츠
009450,경동나비엔
124500,아이티센글로벌
280360,롯데웰푸드
005300,롯데칠성
036830,솔브레인홀딩스
056190,에스에프에이
090460,비에이치
439960,코스모로보틱스
160190,하이젠알앤엠
057050,현대홈쇼핑
000670,영풍
298050,HS효성첨단소재
033790,피노
050890,쏠리드
00088K,한화3우B
126340,비나텍
033100,제룡전기
222080,씨아이에스
365550,ESR켄달스퀘어리츠
192400,쿠쿠홀딩스
499790,GS피앤엘
358570,지아이이노베이션
137310,에스디바이오센서
213420,덕산네오룩스
456160,지투지바이오
074600,원익QnC
293490,카카오게임즈
006340,대원전선
033640,네패스
035760,CJ ENM
005690,파미셀
248070,솔루엠
108320,LX세미콘
030190,NICE평가정보
086450,동국제약
486990,노타
252990,샘씨엔에스
033240,자화전자
376900,로킷헬스케어
094170,동운아나텍
010780,아이에스동서
006650,대한유화
014620,성광벤드
046890,서울반도체
036530,SNT홀딩스
006120,SK디스커버리
075580,세진중공업
122870,와이지엔터테인먼트
079900,전진건설로봇
214320,이노션
348370,엔켐
003160,디아이
336370,솔루스첨단소재
071320,지역난방공사
025540,한국단자
056080,유진로봇
037460,삼지전자
121600,나노신소재
253450,스튜디오드래곤
004490,세방전지
451800,한화리츠
241710,코스메카코리아
032190,다우데이타
052020,에스티큐브
064960,SNT모티브
023160,태광
336570,원텍
476060,온코닉테라퓨틱스
171090,선익시스템
059090,미코
100840,SNT에너지
001510,SK증권
006730,서부T&D
003850,보령
002020,코오롱
079160,CJ CGV
052400,코나아이
285130,SK케미칼
053610,프로텍
009240,한샘
365340,성일하이텍
000370,한화손해보험
114090,GKL
348210,넥스틴
005090,SGC에너지
036810,에프에스티
077360,덕산하이메탈
174900,앱클론
00104K,CJ4우(전환)
178920,PI첨단소재
102940,코오롱생명과학
389470,인벤티지랩
044490,태웅
060250,NHN KCP
225570,넥슨게임즈
327260,RF머트리얼즈
058650,세아홀딩스
002350,넥센타이어
053800,안랩
033160,엠케이전자
005880,대한해운
069260,TKG휴켐스
112040,위메이드
009520,포스코엠텍
317450,명인제약
005180,빙그레
383310,에코프로에이치엔
293940,신한알파리츠
001680,대상
399720,가온칩스
007700,F&F홀딩스
102710,이엔에프테크놀로지
001270,부국증권
249420,일동제약
008060,대덕
003620,KG모빌리티
093050,LF
001570,금양
253590,네오셈
089890,코세스
484870,엠앤씨솔루션
002960,한국쉘석유
086900,메디톡스
348340,뉴로메카
006380,카프로
383800,LX홀딩스
425420,티에프이
082270,젬백스
001060,JW중외제약
017940,E1
014820,동원시스템즈
000400,롯데손해보험
003030,세아제강지주
001500,현대차증권
033500,동성화인텍
272290,이녹스첨단소재
005389,현대차3우B
000640,동아쏘시오홀딩스
002840,미원상사
356680,엑스게이트
122640,예스티
041830,인바디
089010,켐트로닉스
067160,SOOP
475960,토모큐브
017900,광전자
045100,한양이엔지
104830,원익머트리얼즈
015750,성우하이텍
019210,와이지-원
005810,풍산홀딩스
448900,한국피아이엠
161000,애경케미칼
093320,케이아이엔엑스
376300,디어유
453340,현대그린푸드
452260,한화갤러리아
039130,하나투어
016380,KG스틸
460930,현대힘스
064290,인텍플러스
278280,천보
368770,파이버프로
214430,아이쓰리시스템
035890,서희건설
092190,서울바이오시스
003545,대신증권우
003300,한일홀딩스
005250,녹십자홀딩스
002240,고려제강
042000,카페24
041960,코미팜
200710,에이디테크놀로지
031430,신세계인터내셔날
170920,엘티씨
005420,코스모화학
460860,동국제강
230360,에코마케팅
009410,태영건설
271940,일진하이솔루스
332570,PS일렉트로닉스
041190,우리기술투자
019170,신풍제약
268280,미원에스씨
284740,쿠쿠홈시스
290550,디케이티
330860,네패스아크
393890,더블유씨피
138080,오이솔루션
001530,DI동일
020000,한섬
377740,바이오노트
024850,HLB이노베이션
005945,NH투자증권우
217590,티엠씨
452280,한선엔지니어링
0011T0,채비
025980,아난티
014830,유니드
094800,맵스리얼티
030520,한글과컴퓨터
125490,한라캐스트
085910,네오티스
009900,명신산업
003280,흥아해운
016610,DB증권
011930,신성이엔지
060280,큐렉소
477850,마키나락스
099190,아이센스
211050,인카금융서비스
034310,NICE
372320,큐로셀
039440,에스티아이
000157,두산2우B
001200,유진투자증권
034950,한국기업평가
340570,티앤엘
008730,율촌화학
078350,한양디지텍
230240,에치에프알
078160,메디포스트
025320,시노펙스
199800,툴젠
003000,부광약품
145990,삼양사
493280,아이엠바이오로직스
018290,브이티
448730,삼성FN리츠
036620,감성코퍼레이션
251970,펌텍코리아
168360,펨트론
006910,보성파워텍
130660,한전산업
101930,인화정공
069540,빛과전자
004690,삼천리
381970,케이카
425040,티이엠씨
064260,다날
006405,삼성SDI우
000070,삼양홀딩스
025900,동화기업
389500,에스비비테크
095660,네오위즈
079940,가비아
101160,월덱스
072710,농심홀딩스
107640,한중엔시에스
013030,하이록코리아
455900,엔젤로보틱스
403550,쏘카
468530,프로티나
110990,디아이티
004700,조광피혁
354320,알멕
027410,BGF
950210,프레스티지바이오파마
098070,한텍
241770,메카로
0120G0,삼양바이오팜
042520,한스바이오메드
215200,메가스터디교육
117730,티로보틱스
012030,DB
394280,오픈엣지테크놀로지
060980,HL홀딩스
092200,디아이씨
015360,INVENI
010820,퍼스텍
145720,덴티움
287840,인투셀
029530,신도리코
090435,아모레퍼시픽우
417310,코람코더원리츠
456010,아이씨티케이
254490,미래반도체
004710,한솔테크닉스
067630,HLB생명과학
306200,세아제강
002810,삼영무역
02826K,삼성물산우B
080580,오킨스전자
092870,엑시콘
105840,우진
078130,국일제지
357120,코람코라이프인프라리츠
144960,뉴파워프라즈마
047920,HLB제약
187660,페니트리움바이오
065680,우주일렉트로
006220,제주은행
017810,풀무원
015860,일진홀딩스
084110,휴온스글로벌
215600,신라젠
078020,LS증권
114810,한솔아이원스
079370,제우스
097520,엠씨넥스
170900,동아에스티
344820,KCC글라스
265520,AP시스템
206650,유바이오로직스
092790,넥스틸
016590,신대양제지
417840,저스템
052710,아모텍
232530,이엠티
160980,싸이맥스
002710,TCC스틸
089590,제주항공
005610,삼립
376270,HEM파마
003800,에이스침대
200470,에이팩트
304360,에스바이오메딕스
179900,유티아이
029460,케이씨
183190,아세아시멘트
126720,수산인더스트리
452430,사피엔반도체
119850,지엔씨에너지
389650,넥스트바이오메디컬
200880,서연이화
234340,헥토파이낸셜
488900,비츠로넥스텍
002030,아세아
482630,삼양엔씨켐
241520,DSC인베스트먼트
286940,롯데이노베이트
010690,화신
036200,유니셈
092230,KPX홀딩스
243070,휴온스
445090,에이직랜드
105630,한세실업
441270,파인엠텍
317330,덕산테코피아
058430,포스코스틸리온
064820,케이프
091700,파트론
187870,디바이스
424870,이뮨온시아
192650,드림텍
011760,현대코퍼레이션
101730,위메이드맥스
219130,타이거일렉
025860,남해화학
069080,웹젠
484590,삼양컴텍
203650,드림시큐리티
078340,컴투스
094360,칩스앤미디어
475400,씨메스로보틱스
091810,트리니티항공
084690,대상홀딩스
204620,글로벌텍스프리
092460,한라IMS
009290,광동제약
089980,상아프론테크
126560,현대퓨처넷
005950,이수화학
236200,슈프리마
036890,진성티이씨
042370,비츠로테크
005720,넥센
086390,유니테스트
378340,필에너지
049070,인탑스
365270,큐라클
016800,퍼시스
274090,켄코아에어로스페이스
000650,천일고속
018250,애경산업
099430,바이오플러스
073490,LIG아큐버
009160,SIMPAC
355150,코스텍시스
194370,제이에스코퍼레이션
018310,삼목에스폼
046970,우리로
078520,에이블씨엔씨
228760,지노믹트리
450950,아스테라시스
136480,하림
001940,KISCO홀딩스
104700,한국철강
025770,한국정보통신
200130,콜마비앤에이치
001390,KG케미칼
298830,슈어소프트테크
314930,바이오다인
448280,에코아이
034830,한국토지신탁
200670,휴메딕스
003720,삼영
061970,LB세미콘
058970,엠로
0082N0,카나프테라퓨틱스
036170,에이치엠넥스
024720,콜마홀딩스
112290,와이씨켐
078150,HB테크놀러지
002310,아세아제지
272450,진에어
036800,나이스정보통신
051500,CJ프레시웨이
000430,대원강업
084010,대한제강
007690,국도화학
033270,유나이티드제약
108670,LX하우시스
001750,한양증권
035810,이지홀딩스
462350,이노스페이스
017860,DS단석
215000,골프존
900290,GRT
064850,에프앤가이드
043150,바텍
900140,엘브이엠씨홀딩스
307180,아이엘
041920,메디아나
061090,세나테크놀로지
084850,아이티엠반도체
180400,DXVX
001230,동국홀딩스
017390,서울가스
352480,씨앤씨인터내셔널
096760,JW홀딩스
003920,남양유업
357880,SKAI
054950,제이브이엠
144510,지씨셀
026890,스틱인베스트먼트
220100,퓨쳐켐
092730,네오팜
459510,나우로보틱스
023410,유진기업
0001A0,덕양에너젠
065660,안트로젠
036710,심텍홀딩스
053030,바이넥스
002900,TYM
011500,한농화성
123890,한국자산신탁
005680,삼영전자
194700,노바렉스
478340,나라스페이스테크놀로지
001340,PKC
035600,KG이니시스
242040,나무기술
416180,신성에스티
037710,광주신세계
309710,아이티켐
108860,셀바스AI
019010,베뉴지
394800,쓰리빌리언
005010,휴스틸
060720,KH바텍
182400,엔케이젠바이오텍코리아
318060,그래피
314130,지놈앤컴퍼니
389020,자람테크놀로지
114190,강원에너지
091580,상신이디피
014940,오리엔탈정공
005500,삼진제약
322310,오로스테크놀로지
051360,토비스
002320,한진
043370,피에이치에이
004360,세방
121800,비덴트
046120,오르비텍
125020,티씨머티리얼즈
389260,대명에너지
267980,매일유업
243840,신흥에스이씨
0015G0,그린광학
217730,강스템바이오텍
377460,큐에이드
950170,JTC
382900,범한퓨얼셀
0030R0,대신밸류리츠
093520,매커스
251370,와이엠티
0008Z0,에스엔시스
128820,대성산업
005430,한국공항
001250,GS글로벌
308430,셀비온
003120,일성아이에스
122900,아이마켓코리아
084990,헬릭스미스
151860,KG에코솔루션
272110,케이엔제이
017890,한국알콜
010580,에스엠벡셀
451760,컨텍
100120,뷰웍스
000680,LS네트웍스
474650,링크솔루션
290690,소룩스
394420,리센스메디컬
088800,에이스테크
094480,갤럭시아머니트리
012860,모베이스전자
098120,마이크로컨텍솔
003960,사조대림
099440,스맥
004430,송원산업
419530,SAMG엔터
034120,SBS
018000,유니슨
088260,이리츠코크렙
095500,미래나노텍
037270,YG PLUS
003200,일신방직
054210,이랜텍
067390,아스트
475560,더본코리아
199820,제일일렉트릭
190510,나무가
115450,HLB테라퓨틱스
357550,석경에이티
338840,와이바이오로직스
012210,삼미금속
294570,쿠콘
472850,폰드그룹
023760,한국캐피탈
334890,이지스밸류플러스리츠
000490,대동
304100,솔트룩스
348950,제이알글로벌리츠
206640,바디텍메드
136490,선진
003520,영진약품
006805,미래에셋증권우
494120,큐리오시스
003070,코오롱글로벌
000320,노루홀딩스
051370,인터플렉스
402030,코난테크놀로지
003555,LG우
159010,아스플로
049630,재영솔루텍
03473K,SK우
101360,에코앤드림
000050,경방
439090,마녀공장
009470,삼화전기
036030,케이티알파
001460,BYC
035510,신세계 I&C
000540,흥국화재
138610,나이벡
030210,다올투자증권
134380,미원화학
210980,SK디앤디
461300,아이스크림미디어
044450,KSS해운
007160,사조산업
0007C0,아크릴
484810,티엑스알로보틱스
000480,CR홀딩스
010955,S-Oil우
067080,대화제약
053300,한국정보인증
009680,모토닉
382800,지앤비에스 에코
232680,라온로보틱스
025000,KPX케미칼
402490,그린리소스
011560,세보엠이씨
123860,아나패스
432720,퀄리타스반도체
432320,KB스타리츠
051905,LG생활건강우
226320,잇츠한불
064550,바이오니아
418550,제이오
0088M0,메쥬
001630,종근당홀딩스
464080,에스오에스랩
065710,서호전기
244920,에이플러스에셋
003650,미창석유
092070,디엔에프
033920,무학
037560,LG헬로비전
045390,대아티아이
008490,서흥
013120,동원개발
255220,SG
001790,대한제당
004980,성신양회
068930,디지털대성
241590,화승엔터프라이즈
119610,인터로조
053210,스카이라이프
417010,나노팀
004560,현대비앤지스틸
457550,우진엔텍
032580,피델릭스
053690,한미글로벌
004380,삼익THK
380540,옵티코어
083310,엘오티베큠
035150,백산
092220,KEC
126600,BGF에코머티리얼즈
353810,이지바이오
001780,알루코
034810,해성산업
214180,헥토이노베이션
377190,디앤디플랫폼리츠
256840,한국비엔씨
117580,대성에너지
054450,텔레칩스
405100,큐알티
404990,신한서부티엔디리츠
005710,대원산업
039570,HDC랩스
211270,AP위성
446540,메가터치
339770,교촌에프앤비
149950,아바텍
126730,코칩
308080,바이젠셀
487570,HS효성
013890,지누스
001130,대한제분
001080,만호제강
007860,서연
094820,일진파워
095570,AJ네트웍스
102120,어보브반도체
033530,SJG세종
418420,라온텍
199430,케이엔알시스템
462860,더즌
042600,새로닉스
372170,윤성에프앤씨
003220,대원제약
052330,코텍
298690,에어부산
078070,유비쿼스홀딩스
216080,제테마
036560,KZ정밀
004310,현대약품
192440,슈피겐코리아
003547,대신증권2우B
102260,동성케미컬
039830,오로라
041020,폴라리스오피스
138360,앤로보틱스
066620,국보디자인
016580,환인제약
121440,골프존홀딩스
003350,한국화장품제조
237880,클리오
083930,아바코
122990,와이솔
036190,금화피에스시
264850,이랜시스
126700,하이비젼시스템
028100,동아지질
474170,루미르
194480,데브시스터즈
100250,진양홀딩스
039840,디오
016790,현대사료
000140,하이트진로홀딩스
123330,제닉
321550,티움바이오
488280,에스투더블유
086820,바이오솔루션
012200,계양전기
108380,대양전기공업
119830,아이텍
003610,방림
001045,CJ우
102460,이연제약
484120,도우인시스
489500,엘케이켐
950140,잉글우드랩
013580,계룡건설
452450,피아이이
024060,흥구석유
361390,제노코
123410,코리아에프티
000390,SP삼화
270660,에브리봇
176750,듀켐바이오
024840,KBI메탈
031440,신세계푸드
002150,도화엔지니어링
146320,비씨엔씨
264450,유비쿼스
481070,에이유브랜즈
039860,나노엔텍
024800,유성티엔에스
008350,남선알미늄
377450,리파인
371950,풍원정밀
234080,JW생명과학
003460,유화증권
012610,경인양행
388050,지투파워
071200,인피니트헬스케어
002100,경농
084680,이월드
044820,코스맥스비티아이
000300,DH오토넥스
226590,엠디바이스
187790,나노
042420,네오위즈홀딩스
011690,와이투솔루션
203400,에이비온
293580,나우IB
118990,모트렉스
114840,아이패밀리에스씨
079960,동양이엔피
267320,나인테크
080160,모두투어
143160,아이디스
092130,이크레더블
058820,CMG제약
140610,엔솔바이오사이언스
209640,와이제이링크
016450,한세예스24홀딩스
115500,케이씨에스
458650,성우
462520,조선내화
166480,코아스템켐온
025820,이구산업
077500,유니퀘스트
011785,금호석유화학우
403850,더핑크퐁컴퍼니
049430,코메론
037030,파워넷
101530,해태제과식품
032620,GC메디아이
016880,웅진
097955,CJ제일제당 우
140670,알에스오토메이션
025560,미래산업
015230,대창단조
086980,쇼박스
380550,뉴로핏
400760,NH올원리츠
017550,수산세보틱스
285490,노바텍
259630,엠플러스
083500,에프엔에스테크
293480,하나제약
000860,강남제비스코
053080,케이엔솔
038390,레드캡투어
143240,사람인
004150,한솔홀딩스
460850,동국씨엠
000520,삼일제약
445180,퓨릿
007330,푸른저축은행
060150,인선이엔티
066410,버킷스튜디오
260870,SK시그넷
046070,코다코
095700,제넥신
049960,쎌바이오텍
051980,중앙첨단소재
147830,제룡산업
071840,롯데하이마트
007570,일양약품
023910,대한약품
082800,비보존 제약
271980,제일약품
234690,녹십자웰빙
081000,일진다이아
004090,한국석유
289930,웨이비스
331920,셀레믹스
104480,티케이케미칼
018470,조일알미늄
046440,KG파이낸셜
106190,하이텍팜
321370,센서뷰
473980,노머스
002170,SYTS
289080,SV인베스트먼트
0011A0,액스비스
036010,아비코전자
005990,매일홀딩스
011040,경동제약
213500,한솔제지
047310,파워로직스
300080,플리토
090350,노루페인트
179290,엠아이텍
062970,한국첨단소재
003830,대한화섬
005960,동부건설
086670,비엠티
000020,동화약품
221800,지구홀딩스
073010,케이에스피
388790,라이콤
039560,다산네트웍스
282880,코윈테크
000970,한국주철관
048870,시너지이노베이션
072870,메가스터디
299030,하나기술
067280,멀티캠퍼스
293780,압타바이오
054800,아이디스홀딩스
142210,유니트론텍
307930,컴퍼니케이
264660,씨앤지하이테크
125210,아모그린텍
396300,세아메카닉스
006060,화승인더
260970,에스앤디
298000,효성화학
101170,우림피티에스
003480,한진중공업홀딩스
222040,코스맥스엔비티
004970,신라교역
474610,RF시스템즈
001540,안국약품
001520,동양
220260,켐트로스
469610,이노테크
002990,금호건설
021080,에이티넘인베스트
317400,자이에스앤디
040350,크레오에스지
105330,케이엔더블유
334970,프레스티지바이오로직스
040160,누리플렉스
059120,아진엑스텍
041440,현대에버다임
094280,효성ITX
008830,대동기어
093190,빅솔론
158430,아톤
008970,KBI동양철관
297890,HB솔루션
307750,국전
217950,파마리서치바이오
023600,삼보판지
005160,동국산업
056090,시지메드텍
015890,태경산업
210540,디와이파워
017510,세명전기
240550,동방메디컬
00279K,아모레퍼시픽홀딩스3우C
204610,티쓰리
049720,고려신용정보
108230,톱텍
000700,유수홀딩스
263860,지니언스
038290,마크로젠
214420,토니모리
272550,삼양패키징
009070,KCTC
013990,아가방컴퍼니
037350,성도이엔지
101970,우양에이치씨
217270,넵튠
002780,진흥기업
019180,티에이치엔
452190,한빛레이저
032940,원익
453450,그리드위즈
011280,태림포장
109740,디에스케이
214390,경보제약
001360,삼성제약
408920,메쎄이상
086890,이수앱지스
0004V0,엔비알모션
396270,넥스트칩
269620,시스웍
357580,아모센스
340450,지씨지놈
054920,한컴위드
016740,두올
014710,사조씨푸드
148150,세경하이테크
090850,현대이지웰
322180,LS티라유텍
095190,신화프리텍
024090,디씨엠
107590,미원홀딩스
115310,인포바인
089470,HDC현대EP
047560,이스트소프트
475230,엔알비
078000,텔코웨어
381620,제닉스로보틱스
003100,선광
163730,핑거
297090,씨에스베어링
136540,윈스테크넷
192410,오늘이엔엠
256940,킵스파마
068790,DMS
015590,DKME
014280,금강공업
004080,신흥
053700,삼보모터스
205500,넥써쓰
008040,사조동아원
122450,KX
333430,일승
306620,지아이에스
205100,엑셈
037070,파세코
950250,테라뷰
079430,현대리바트
036690,코맥스
069510,에스텍
350520,이지스레지던스리츠
290740,액트로
004960,한신공영
377480,마음AI
323990,박셀바이오
002220,한일철강
323350,다원넥스뷰
088130,동아엘텍
009270,신원
007540,샘표
067990,도이치모터스
078890,가온그룹
005800,신영와코루
051160,지어소프트
052900,KX하이텍
027710,팜스토리
212560,네오오토
020120,키다리스튜디오
123040,엠에스오토텍
267290,경동도시가스
027970,한국제지
33626K,두산퓨얼셀1우
336680,탑런토탈솔루션
036630,세종텔레콤
086960,MDS테크
012800,대창
080420,모다이노칩
366030,공구우먼
084670,동양고속
035000,HS애드
115440,우리넷
040300,YTN
054540,삼영엠텍
010100,한국무브넥스
215100,로보로보
012320,경동인베스트
007610,선도전기
002620,제일파마홀딩스
365330,에스와이스틸텍
013520,화승코퍼레이션
107600,새빗켐
013310,아진산업
006620,동구바이오제약
156100,엘앤케이바이오
089600,KT나스미디어
070960,모나용평
014530,극동유화
338220,뷰노
002450,삼익악기
129920,대성하이텍
310200,애니플러스
021820,세원정공
016710,대성홀딩스
093640,케이알엠
063570,NICE인프라
235980,메드팩토
382840,원준
041590,플래스크
172670,에이엘티
025620,차AI헬스케어
009580,무림P&P
073560,우리손에프앤지
071280,로체시스템즈
412350,레이저쎌
475580,에이럭스
263720,디앤씨미디어
339950,아이비김영
006660,삼성공조
038540,상상인
014580,태경비케이
067900,와이엔텍
120030,조선선재
054050,NH농우바이오
034590,인천도시가스
052260,현대바이오랜드
021320,KCC건설
018120,진로발효
109610,에스와이
141000,비아트론
214680,디알텍
234030,싸이닉솔루션
041520,이엘씨
002390,한독
083420,그린케미칼
004250,NPC
227840,현대코퍼레이션홀딩스
396470,워트
011000,진원생명과학
212710,아이에스티이
007210,벽산
217820,원익피앤이
417500,제이아이테크
487580,폴레드
049520,유아이엘
309960,LB인베스트먼트
002230,피에스텍
389030,지니너스
047770,코데즈컴바인
011810,STX
123690,한국화장품
049950,미래컴퍼니
330730,스톤브릿지벤처스
322510,제이엘케이
250060,모비스
950190,고스트스튜디오
255440,야스
267850,아시아나IDT
149980,하이로닉
456070,이엔셀
009780,엠에스씨
025950,동신건설
317770,엑스페릭스
131030,옵투스제약
223250,드림씨아이에스
001290,상상인증권
085670,뉴프렉스
065450,빅텍
228850,레이언스
225190,LK삼양
104460,디와이피엔에프
042510,라온시큐어
002460,HS화성
248170,샘표식품
005860,한일사료
039980,폴라리스AI
045970,코아시아
413630,씨피시스템
493330,지에프아이
360070,탑머티리얼
052860,아이앤씨
096250,와이즈넛
014790,HL D&I
331740,아우토크립트
067830,세이브존I&C
0015S0,페스카로
035080,그래디언트
389140,포바이포
229500,노브메타파마
039340,한국경제TV
008700,아남전자
044990,에이치엔에스하이텍
264900,크라운제과
136150,원일티엔아이
029480,광무
000440,중앙에너비스
489460,바이오비쥬
0007J0,인벤테라
119650,KC코트렐
053260,금강철강
013570,디와이
189330,씨이랩
217330,싸이토젠
092040,아미코젠
023450,동남합성
038110,에코플라스틱
058850,KTcs
074430,아미노로직스
451220,아이엠티
023900,풍국주정
282720,금양그린파워
246720,아스타
049080,기가레인
066430,아이로보틱스
182360,큐브엔터
059270,해성에어로보틱스
059210,메타바이오메드
246710,티앤알바이오팹
950130,엑세스바이오
066310,큐에스아이
047820,초록뱀미디어
100590,머큐리
036220,오상헬스케어
063080,컴투스홀딩스
120240,대정화금
265740,엔에프씨
078935,GS우
009190,대양금속
066790,씨씨에스
100130,동국S&C
352090,스톰테크
032300,한국파마
321260,프로이천
100700,세운메디칼
019680,대교
068240,다원시스
096240,크레버스
139990,아주스틸
086710,선진뷰티사이언스
011700,한신기계
055490,테이팩스
443670,에스피소프트
357230,에이치피오
004100,태양금속
032560,황금에스티
001275,부국증권우
131370,알서포트
063170,서울옥션
004140,동방
226400,오스테오닉
262260,에이프로
078140,대봉엘에스
408470,한패스
042500,링네트
464490,쿼드메디슨
002210,동성제약
131400,이브이첨단소재
288180,케이피항공산업
417970,모델솔루션
109070,주성코퍼레이션
023800,인지컨트롤스
033290,로젠
094840,슈프리마에이치큐
090470,제이스로보틱스
004890,동일산업
303810,동국생명과학
099750,이지케어텍
37550L,DL이앤씨2우(전환)
330350,위더스제약
067000,조이시티
014160,대영포장
072950,빛샘전자
311320,지오엘리먼트
101330,모베이스
066700,테라젠이텍스
006840,AK홀딩스
337930,젝시믹스
363280,티와이홀딩스
035610,솔본
457370,한켐
117670,알파칩스
058860,KTis
036420,콘텐트리중앙
348350,위드텍
024880,케이피에프
052420,오성첨단소재
036580,팜스코
302550,리메드
014440,영보화학
290720,푸드나무
203690,아크솔루션스
411080,샌즈랩
040420,정상제이엘에스
053580,웹케시
063160,종근당바이오
347890,엠엑스온
010280,아이티센엔텍
023000,삼원강재
076610,해성옵틱스
008260,NI스틸
476040,오가노이드사이언스
163560,동일고무벨트
418470,KT밀리의서재
088390,이녹스
072020,중앙백신
066980,한성크린텍
009300,삼아제약
298540,더네이쳐홀딩스
173130,오파스넷
101670,하이드로리튬
011370,서한
123010,알엔티엑스
002200,한국수출포장
039010,현대에이치티
432470,케이엔에스
093920,서원인텍
005740,크라운해태홀딩스
058630,엠게임
251120,바이오에프디엔씨
142280,녹십자엠에스
382480,지아이텍
040910,아이씨디
043610,KT지니뮤직
004840,DRB동일
033340,좋은사람들
130580,나이스디앤비
024830,세원물산
413390,엠오티
011320,유니크
041930,SY동아
079810,APS이노베이션
000230,일동홀딩스
299660,셀리드
362320,청담글로벌
294630,서남
004650,창해에탄올
091120,이엠텍
002600,조흥
950220,네오이뮨텍
049180,셀루메드
460940,피앤에스로보틱스
183490,엔지켐생명과학
475430,키스트론
208370,셀바스헬스케어
007110,일신석재
000590,CS홀딩스
066590,스모트로닉
253840,수젠텍
002700,신일전자
030960,양지사
095720,웅진씽크빅
007980,TP
005870,휴니드
424960,스마트레이더시스템
419050,삼기에너지솔루션즈
017370,우신시스템
048550,SM C&C
307870,비투엔
302430,이노메트리
004590,한국가구
234300,에스트래픽
037760,쎄니트
096775,SK이노베이션우
388870,파로스아이바이오
054670,대한뉴팜
175250,아이큐어
048530,인트론바이오
273640,와이엠텍
006890,태경케미컬
067370,선바이오
412540,제일엠앤에스
058400,KNN
000105,유한양행우
370090,퓨런티어
225530,HC보광산업
111380,동인기연
007590,동방아그로
265560,영화테크
041910,폴라리스AI파마
060590,씨티씨바이오
170030,현대공업
290660,다이나믹솔루션
277880,티에스아이
317830,에스피시스템스
019540,일지테크
065510,휴비츠
001470,삼부토건
084730,팅크웨어
054620,APS
263800,데이타솔루션
222160,NPX
006140,피제이전자
014970,삼륭물산
001020,페이퍼코리아
228670,레이
448710,코츠테크놀로지
007820,엠엑스로보틱스
320000,한울반도체
067570,엔브이에이치코리아
020710,시공테크
110790,크리스에프앤씨
463020,뉴엔AI
024740,한일단조
124560,태웅로직스
017650,대림제지
054040,한국컴퓨터
026150,특수건설
003580,HLB글로벌
009180,한솔로지스틱스
089230,THE E&M
171120,라이온켐텍
060310,3S
067290,JW신약
205470,휴마시스
201490,미투온
0015N0,아로마티카
036640,HRS
35320K,대덕전자1우
082850,우리바이오
238090,앤디포스
011150,CJ씨푸드
102370,케이옥션
001260,남광토건
217190,제너셈
017480,삼현철강
056360,코위버
048770,TPC로보틱스
012700,리드코프
031820,아이티센씨티에스
168330,내츄럴엔도텍
014470,부방
019550,SBI인베스트먼트
096350,대창솔루션
000180,성창기업지주
025550,한국선재
064800,포니링크
013870,지엠비코리아
439580,블루엠텍
007460,에이프로젠
006090,사조오양
128660,피제이메탈
373200,엑스플러스
900250,크리스탈신소재
005750,대림바스
002720,국제약품
044340,위닉스
038680,에스넷
045660,에이텍
010960,삼호개발
085310,엔케이
003310,대주산업
452200,민테크
039610,화성밸브
140070,서플러스글로벌
208140,정다운
061040,알에프텍
900260,로스웰
036000,예림당
162300,신스틸
126880,제이엔케이글로벌
000850,화천기공
083790,CG인바이츠
091440,한울소재과학
053280,예스24
263600,덕우전자
069730,DSR제강
187420,HLB제넥스
340360,다보링크
048430,유라테크
032850,비트컴퓨터
092300,현우산업
234920,자이글
241690,유니테크노
004720,팜젠사이언스
001560,제일연마
081180,쎄크
105740,디케이락
175140,휴먼테크놀로지
261780,아리바이오랩
002800,신신제약
251630,브이원텍
315640,딥노이드
007815,코리아써우
049480,오픈베이스
137950,제이씨케미칼
391710,코닉오토메이션
094860,네오리진
347860,알체라
204840,지엘팜텍
081150,티플랙스
037440,희림
459100,위츠
478560,블랙야크아이앤씨
033130,디지틀조선
038460,바이오스마트
126640,화신정공
348150,고바이오랩
451250,삐아
016090,대현
065530,와이어블
013700,까뮤이앤씨
271830,팸텍
111710,남화산업
073640,테라사이언스
191420,테고사이언스
463480,모티브링크
079980,휴비스
347000,센코
033230,인성정보
196490,디에이테크놀로지
010660,화천기계
222110,팬젠
013360,일성건설
338100,NH프라임리츠
094940,푸른로보틱스
120115,코오롱인더우
417790,트루엔
043710,코스리거글로벌
065440,이루온
123420,위메이드플레이
101140,인바이오젠
061250,화일약품
032540,TJ미디어
216050,인크로스
215360,우리산업
068290,삼성출판사
145170,노브랜드
453860,에이에스텍
088280,쏘닉스
443250,레뷰코퍼레이션
331380,포커스에이아이
332370,아이디피
002795,아모레퍼시픽홀딩스우
153710,옵티팜
084650,랩지노믹스
009770,삼정펄프
067170,오텍
217500,러셀
299170,더블유에스아이
109860,동일금속
018500,동원금속
046210,HLB파나진
003925,남양유업우
071090,하이스틸
109080,옵티시스
007280,한국특강
027830,대성창투
215790,이노인스트루먼트
048910,대원미디어
039020,이건홀딩스
461030,아이엠비디엑스
198080,캐프
033320,제이씨현시스템
382150,온코크로스
080010,이상네트웍스
003780,진양산업
100220,비상교육
185490,아이진
155660,DSR
071670,에이테크솔루션
053450,세코닉스
010770,평화홀딩스
060570,드림어스컴퍼니
192250,케이사인
155650,와이엠씨
288620,에스프리즘
024900,디와이덕양
004540,깨끗한나라
019990,에너토크
000220,유유제약
134580,탑코미디어
246960,SCL사이언스
003010,혜인
010040,한국내화
094850,참좋은여행
043650,국순당
095270,웨이브일렉트로
006880,신송홀딩스
311690,CJ 바이오사이언스
214270,FSN
089850,유비벨록스
147760,피엠티
476080,M83
246690,TS인베스트먼트
001840,이화공영
024910,경창산업
099220,SDN
452400,이닉스
333620,엔시스
446840,지슨
294090,이오플로우
012690,모나리자
041460,한국전자인증
222420,쎄노텍
039240,경남스틸
014910,성문전자
012790,신일제약
042110,에스씨디
104620,노랑풍선
229000,젠큐릭스
016250,SGC E&C
198440,강동씨앤엘
010240,흥국
009200,무림페이퍼
046940,우원개발
092780,DYP
296160,프로젠
039420,케이엘넷
004780,대륙제관
241790,티이엠씨씨엔에스
352910,오비고
053050,지에스이
010470,오리콤
049550,잉크테크
004060,SG세계물산
014950,삼익제약
214260,라파스
036090,위지트
111110,호전실업
004440,삼일씨엔에스
054930,유신
064240,홈캐스트
456570,아이엠지티
163280,에어레인
317850,대모
033310,엠투엔
067920,이글루
424980,마이크로투나노
378850,화승알앤에이
088910,동우팜투테이블
072130,유엔젤
273060,와이즈버즈
005670,푸드웰
136410,아셈스
004830,덕성
317690,퀀타매트릭스
000725,현대건설우
065130,탑엔지니어링
008370,원풍
007370,진양제약
317530,에피소드컴퍼니
027050,코리아나
199550,레이저옵텍
033560,블루콤
092440,기신정기
099520,DGI
004770,써니전자
290670,대보마그네틱
053620,태양
045340,토탈소프트
245620,EDGC
347740,피엔케이피부임상연구센타
263690,디알젬
294140,레몬
129260,인터지스
180060,탑선
095910,에스에너지
002630,오리엔트바이오
348080,큐라티스
036670,삼양케이씨아이
207760,미스터블루
250030,진코스텍
021050,서원
036120,서울평가정보
009835,한화솔루션우
219550,디와이디
460870,에스엠씨지
460470,아이빔테크놀로지
321820,아티스트컴퍼니
396690,미래에셋글로벌리츠
100030,인지소프트
005305,롯데칠성우
0013V0,삼진식품
006980,우성
054300,팬스타엔터프라이즈
372910,한컴라이프케어
040610,SG&G
072990,에이치시티
340930,유일에너테크
001550,조비
214330,금호에이치티
001620,케이비아이동국실업
480370,씨케이솔루션
104540,코렌텍
072470,우리산업홀딩스
471820,셀로맥스사이언스
444530,심플랫폼
217480,에스디생명공학
177900,쓰리에이로직스
002760,보락
004450,삼화왕관
950200,소마젠
291650,압타머사이언스
097800,윈팩
278650,HLB바이오스텝
419080,엔젯
050960,수산아이앤티
053270,구영테크
001465,BYC우
360350,코셈
015710,코콤
038010,제일테크노스
159580,제로투세븐
122310,제노레이
003465,유화증권우
099410,동방선기
104040,디에스엠
256630,포인트엔지니어링
075180,새론오토모티브
052220,iMBC
260930,씨티케이
479960,위너스일렉
002410,범양건영
023810,인팩
073110,엘엠에스
373160,데이원컴퍼니
170790,파이오링크
123700,SJM
003475,유안타증권우
011230,삼화전자
184230,SGA솔루션즈
053350,이니텍
219420,링크제니시스
408900,스튜디오미르
317870,엔바이오니아
378800,샤페론
011390,부산산업
096610,알에프세미
025530,SJM홀딩스
004920,씨아이테크
261520,이지스
189690,포시에스
179530,애드바이오텍
020760,일진디스플
318160,셀바이오휴먼텍
068330,일신바이오
065500,오리엔트정공
435570,에르코스
384470,코어라인소프트
006370,대구백화점
047400,유니온머티리얼
305090,마이크로디지탈
053980,오상자이엘
238120,얼라인드
299900,위지윅스튜디오
041650,상신브레이크
393210,토마토시스템
189860,서전기전
393970,대진첨단소재
060560,HC홈센타
000910,유니온
089790,제이티
053160,프리엠스
413640,비아이매트릭스
082210,옵트론텍
196450,코아시아씨엠
037330,인지디스플레
033170,시그네틱스
277070,린드먼아시아
303360,프로티아
002140,고려산업
066670,디티씨
137080,나래나노텍
038070,서린바이오
440290,HB인베스트먼트
063440,SM Life Design
058730,다스코
226330,신테카바이오
451700,엔에이치스팩29호
232830,아이티센피엔에스
023350,한국종합기술
432430,와이랩
37550K,DL이앤씨우
014190,원익큐브
037230,한국팩키지
466410,사이냅소프트
361570,알비더블유
065170,비엘팜텍
458350,에스팀
038060,루멘스
465480,인스피언
104200,NHN벅스
351330,이삭엔지니어링
090080,평화산업
042940,상지건설
016600,큐캐피탈
369370,블리츠웨이엔터테인먼트
114450,그린생명과학
082660,코스나인
006490,인스코비
007680,대원
127980,화인써키트
418250,시큐레터
227950,엔투텍
051390,YW
355390,크라우드웍스
196300,HLB펩
094970,제이엠티
171010,램테크놀러지
143540,영우디에스피
023440,제이스코홀딩스
035460,기산텔레콤
052790,액토즈소프트
28513K,SK케미칼우
037950,엘컴텍
189980,흥국에프엔비
006125,SK디스커버리우
190650,코리아에셋투자증권
017180,명문제약
420570,제이투케이바이오
009320,아진전자부품
024950,삼천리자전거
069460,대호에이엘
357250,미래에셋맵스리츠
234100,폴라리스세원
060850,영림원소프트랩
450330,하스
129890,앱코
105550,엣지파운드리
065650,하이퍼코퍼레이션
105760,포스뱅크
153460,네이블
070300,엑스큐어
127710,아시아경제
007530,와이엠
000950,전방
066910,손오공
003080,SB성보
093240,형지엘리트
286750,나노실리칸첨단소재
005030,부산주공
002920,유성기업
150900,파수AI
097870,효성오앤비
074610,이엔플러스
051490,나라엠앤디
056700,신화인터텍
173940,에프엔씨엔터
417860,오브젠
419120,산돌
066130,하츠
376290,씨유테크
033830,티비씨
0010V0,제이피아이헬스케어
261200,덴티스
376930,노을
288330,파라택시스코리아
009140,경인전자
200580,메디쎄이
079000,와토스코리아
452300,캡스톤파트너스
314140,알피바이오
069410,엔텔스
340810,시선AI
002290,삼일기업공사
052460,아이크래프트
004910,조광페인트
452160,제이엔비
290120,DH오토리드
051630,진양화학
263020,디케이앤디
008870,금비
218150,미래생명자원
297570,알로이스
090410,덕신이피씨
178780,일월지엠엘
250000,보라티알
033540,파라텍
059100,아이컴포넌트
215380,우정바이오
307280,원바이오젠
263810,상신전자
100660,서암기계공업
012280,영화금속
221840,하이즈항공
237820,플레이디
140520,대창스틸
469750,아이비젼웍스
025880,케이씨피드
352700,씨앤투스
088340,유라클
122690,서진오토모티브
256150,한독크린텍
072770,멤레이비티
087600,픽셀플러스
215090,솔디펜스
011300,우성머티리얼스
019490,엑시큐어하이트론
263770,유에스티
004410,서울식품
086040,바이오톡스텍
066900,디에이피
260660,알리코제약
049830,승일
008420,문배철강
017040,광명전기
224110,에이텍모빌리티
089150,케이씨티
221980,케이디켐
290090,트윔
091590,남화토건
481850,신한글로벌액티브리츠
429270,시지트로닉스
289220,자이언트스텝
364950,에이아이코리아
208710,포톤
050860,아세아텍
019770,서연탑메탈
044960,이글벳
064090,인크레더블버즈
133820,화인베스틸
026940,부국철강
239890,피엔에이치테크
200780,비씨월드제약
025440,DH오토웨어
122350,삼기
011420,갤럭시아에스엠
288980,모아데이타
049470,비트플래닛
020180,대신정보통신
003060,에이프로젠바이오로직스
148250,알엔투테크놀로지
335810,프리시젼바이오
311390,네오크레마
064480,브리지텍
186230,그린플러스
464280,티디에스팜
340440,세림B&G
101240,씨큐브
032960,동일기연
050110,캠시스
263700,케어랩스
022220,티케이지애강
066360,체리부로
332290,누보
199480,뱅크웨어글로벌
049800,우진플라임
000215,DL우
355690,에이텀
204020,그리티
007120,미래아이앤지
005320,온타이드
084870,TBH글로벌
220180,핸디소프트
024120,KB오토시스
011330,유니켐
351320,넥사다이내믹스
050120,ES큐브
128540,에코캡
145270,케이탑리츠
096630,에스코넥
089140,넥스턴앤롤코리아
123570,이엠넷
206400,베노티앤알
198940,한주라이트메탈
081580,성우전자
043340,에쎈테크
064520,테크엘
103840,우양
258610,케일럼
219750,한국비티비
047080,한빛소프트
083550,케이엠
046310,백금T&A
407400,꿈비
228340,동양파일
430690,한싹
013000,세우글로벌
434480,모니터랩
206560,덱스터
119500,포메탈
203450,유니온바이오메트릭스
153490,우리이앤엘하루틴
057540,옴니시스템
000760,이화산업
459550,알트
475460,미트박스
000890,보해양조
071850,캐스텍코리아
026040,제이에스티나
376180,피코그램
014990,인디에프
475660,에스켐
014570,고려제약
284620,카이노스메드
052600,한네트
004870,티웨이홀딩스
365590,하이딥
187270,신화콘텍
068940,셀피글로벌
134790,시디즈
160550,NEW
002880,디와이에이
900300,오가닉티코스메틱
006920,모헨즈
044480,빌리언스
263050,유틸렉스
023960,에쓰씨엔지니어링
001380,SG글로벌
403490,우듬지팜
031310,아이즈비전
106240,파인테크닉스
464500,아이언디바이스
388610,지에프씨생명과학
057030,YBM넷
336060,웨이버스
109820,진매트릭스
043910,자연과환경
383930,디티앤씨알오
387570,파인메딕스
004365,세방우
363260,모비데이즈
045060,오공
0010F0,보원케미칼
450520,인스웨이브
053950,경남제약
200350,아티스트스튜디오
060540,에스에이티
356890,싸이버원
019570,플루토스
318410,비비씨
097780,에코볼트
363250,진시스템
002870,신풍
133750,메가엠디
001210,금호전기
446440,에피바이오텍
080520,오디텍
177830,파버나인
900310,컬러레이
086060,진바이오텍
277410,인산가
073540,에프알텍
075130,플랜티넷
495810,유비씨
208860,다산디엠씨
900070,글로벌에스엠
002420,세기상사
075970,동국알앤에스
262840,아이퀘스트
003535,한화투자증권우
021650,한국큐빅
027740,마니커
239610,에이치엘사이언스
373170,엠아이큐브솔루션
114630,폴라리스우노
005820,원림
270870,뉴트리
112190,KC산업
406820,뷰티스킨
057680,티사이언티픽
010640,진양폴리
347770,핌스
308170,씨티알모빌리티
071950,코아스
195990,에이비프로바이오
296640,이노에이엑스
159910,에코글로우
088790,진도
054780,키이스트
254120,자비스
464580,닷밀
359090,씨엔알리서치
039740,한국정보공학
058110,멕아이씨에스
031510,오스템
045300,성우테크론
037370,EG
276730,한울앤제주
258830,세종메디칼
195500,마니커에프앤지
099390,브레인즈컴퍼니
025750,한솔홈데코
290520,신도기연
008250,이건산업
122830,원포유
243870,아이티센코어
027040,서울전자통신
187220,디티앤씨
318020,포인트모바일
001070,대한방직
016670,디모아
012160,영흥
162120,루켄테크놀러지스
130500,GH신소재
33637K,솔루스첨단소재1우
007720,소노스퀘어
038950,파인디지털
001000,신라섬유
035200,프럼파스트
012620,원일특강
043200,파루
351870,차이커뮤니케이션
227420,도부
238490,힘스
246250,에스엘에스바이오
038620,위즈코프
032790,엠젠솔루션
038870,에코심플렉스
068050,팬엔터테인먼트
241840,에이스토리
002025,코오롱우
038880,아이에이
462310,뉴키즈온
300120,라온피플
078590,휴림에이텍
065370,위세아이텍
263920,휴엠앤씨
257370,피엔티엠에스
290270,휴네시온
318000,KBG
462510,라메디텍
33626L,두산퓨얼셀2우B
440320,오픈놀
337840,유엑스엔
080530,코디
131220,대한과학
032860,더라미
115160,휴맥스
223310,사토시홀딩스
090370,메타랩스
046390,삼화네트웍스
033200,모아텍
006570,대림통상
009810,플레이그램
131100,티엔엔터테인먼트
169330,엠브레인
021880,메이슨캐피탈
023150,MH에탄올
065950,웰크론
317240,TS트릴리온
342870,오아
000040,KR모터스
003680,한성기업
225220,제놀루션
002690,동일제강
019175,신풍제약우
317120,라닉스
142760,모아라이프플러스
014130,한익스프레스
438700,버넥트
017000,신원종합개발
398120,에스지헬스케어
006345,대원전선우
210120,캔버스엔
024070,WISCOM
056730,CNT85
048470,대동스틸
101000,KS인더스트리
013810,스페코
131090,시큐브
079170,한창산업
140430,카티스
073570,리튬포어스
039290,인포뱅크
008470,부스타
121890,에스디시스템
013720,THE CUBE&
233990,질경이
464680,KB제27호스팩
043220,티에스넥스젠
010400,우진아이엔에스
018680,서울제약
405920,나라셀라
353590,오토앤
310870,디와이씨
045510,정원엔시스
311060,엘에이티
354200,엔젠바이오
091340,S&K폴리텍
033050,제이엠아이
068100,케이웨더
367000,플래티어
397810,애드포러스
274400,이노시뮬레이션
033250,체시스
001810,무림SP
403360,라피치
030720,동원수산
005110,한창
069140,누리플랜
318010,팜스빌
063760,이엘피
032080,아즈텍WB
354390,바스칸바이오제약
053290,NE능률
900110,딥커머스
143210,핸즈코퍼레이션
237750,피앤씨테크
019660,글로본
304840,피플바이오
131760,파인텍
462980,아이지넷
333050,이노테나
424760,벨로크
252500,세화피앤씨
007770,한일화학
032750,삼진
200230,텔콘RF제약
002820,SUN&L
002355,넥센타이어1우B
239340,이스트에이드
004270,남성
403810,아이엘로보틱스
306040,에스제이그룹
005360,모나미
016100,리더스코스메틱
258790,소프트캠프
059180,엔더블유시
006740,블루산업개발
015260,에이엔피
006050,국영지앤엠
024890,대원화성
051380,피씨디렉트
290560,파라택시스이더리움
131180,딜리
036480,대성미생물
006200,한국전자홀딩스
138070,신진에스엠
446070,유니드비티플러스
052300,오션인더블유
373110,엑셀세라퓨틱스
188260,세니젠
418620,E8
008775,호텔신라우
102950,아하
003495,대한항공우
303530,이노뎁
093380,풍강
434190,탈로스
148930,에이치와이티씨
331520,밸로프
024940,PN풍년
026910,광진실업
027580,상보
109960,앱토크롬
118000,메타케어
069640,한세엠케이
058450,한주에이알티
096690,에이루트
037400,우리엔터프라이즈
012170,아센디오
179720,머니무브
377330,이지트로닉스
078860,아이오케이이엔엠
038530,케이바이오랩스
301300,바이브컴퍼니
267790,배럴
023770,플레이위드
298060,풍전약품
009310,참엔지니어링
115480,씨유메디칼
146060,율촌
335870,윙스풋
455180,케이지에이
208350,지란지교시큐리티
080470,성창오토텍
091970,나노캠텍
191600,블루탑
065150,대산F&B
070590,인티큐브
130740,티피씨글로벌
270210,에스알바이오텍
044780,에이치케이
900340,윙입푸드
054090,삼진엘앤디
207490,에이펙스인텍
060380,동양에스텍
376980,원티드랩
053060,세동
067730,로지시스
188040,바이오포트
123840,뉴온
090150,아이윈
432980,엠에프씨
139670,키네마스터
123750,알톤
113810,디젠스
043360,디지아이
009460,한창제지
457600,벡트
291230,엔피
002360,SH에너지화학
208640,썸에이지
076340,지에이이노더스
216400,인바이츠바이오코아
079650,서산
016920,카스
067010,이씨에스
353190,휴럼
021040,대호특수강
103230,에스앤더블류
206950,볼빅
352940,인바이오
348030,모비릭스
431190,케이쓰리아이
357430,마스턴프리미어리츠
080720,한국유니온제약
270520,앱튼
197140,디지캡
034940,조아제약
317860,노드메이슨
044380,주연테크
115610,이미지스
222980,한국맥널티
238200,비피도
115570,스타플렉스
083640,인콘
236810,엔비티
025890,한국주강
322970,무진메디
085810,알티캐스트
017250,인터엠
109670,씨싸이트
362990,드림인사이트
331660,한국미라클피플사
065060,지엔코
054220,비츠로시스
377220,프롬바이오
224060,더코디
087260,모바일어플라이언스
415380,스튜디오삼익
405000,플라즈맵
148780,비큐AI
001685,대상우
101400,엔시트론
328380,솔트웨어
060900,에이전트AI
322780,코퍼스코리아
278990,EMB
900100,파이온엑스
372800,아이티아이즈
225590,패션플랫폼
285800,진영
465770,STX그린로지스
035620,바른손이앤에이
039310,세중
154030,아시아종묘
365900,브이씨
020400,대동금속
054940,엑사이엔씨
015020,이스타코
279600,미디어젠
084440,유비온
00499K,롯데지주우
032280,삼일
377030,비트맥스
076080,웰크론한텍
900270,헝셩그룹
215480,토박스코리아
049120,파인디앤씨
275630,에스에스알
214610,롤링스톤
032680,소프트센
226340,본느
018700,졸스
192390,윈하이텍
227610,아우딘퓨쳐스
101680,한국정밀기계
303030,지니틱스
031860,디에이치엑스컴퍼니
368600,아이씨에이치
222670,플럼라인생명과학
134060,이퓨쳐
042040,케이피엠테크
067770,세진티에스
032980,바이온
050760,에스폴리텍
018620,우진비앤지
005257,녹십자홀딩스2우
417180,핑거스토리
065770,CS
196700,웹스
193250,링크드
002070,비비안
110020,전진바이오팜
217320,썬테크
289010,아이스크림에듀
389680,유디엠텍
083470,이엠앤아이
008600,윌비스
009440,KC그린홀딩스
086220,광동헬스바이오
098660,에스티오
032800,판타지오
336040,타스컴
023790,동일스틸럭스
115530,씨엔플러스
054410,케이피티유
052960,태양3C
060230,제이케이시냅스
247660,나노씨엠에스
254160,제이엠멀티
014100,메디앙스
482680,미래에셋비전스팩7호
0070X0,에스테크엠
241820,피씨엘
009730,이렘
060480,국일신동
477380,미래에셋비전스팩4호
051780,큐로홀딩스
108675,LX하우시스우
048830,엔피케이
069330,유아이디
476710,타조이엔터테인먼트
169670,코스텍시스템
028080,휴맥스홀딩스
308100,형지글로벌
001770,SHD
065690,파커스
240600,유진테크놀로지
001420,태원물산
019685,대교우B
106520,노블엠앤비
45226K,한화갤러리아우
0072Z0,KB제33호스팩
011090,에넥스
00806K,대덕1우
18064K,한진칼우
045520,크린앤사이언스
344860,이노진
005725,넥센우
0101C0,하나36호스팩
0130H0,엔에이치스팩33호
469880,하나30호스팩
199730,바이오인프라
477340,에이치엠씨제7호스팩
0044K0,삼성스팩10호
191410,육일씨엔에쓰
030350,드래곤플라이
096870,엘디티
00781K,코리아써키트2우B
092600,앤씨앤
137940,넥스트아이
000087,하이트진로2우B
379390,이성씨엔아이
227100,프로브잇
0115H0,삼성스팩13호
900120,씨엑스아이
079190,케스피온
154040,다산솔루에타
473050,유안타제15호스팩
361670,삼영에스앤씨
177350,베셀
312610,에이에프더블류
079950,인베니아
250930,예선테크
233250,메디안디노스틱
478440,미래에셋비전스팩6호
479880,한국제15호스팩
208850,이비테크
351020,미쥬
083660,CSA 코스믹
0099W0,미래에셋비전스팩11호
043590,웰킵스하이텍
001795,대한제당우
060260,뉴보텍
088290,이원컴포텍
352770,셀레스트라
244460,올리패스
456190,큐라켐
489480,키움제11호스팩
481890,엔에이치스팩31호
065420,에스아이리소스
217880,틸론
0096B0,삼성스팩12호
368970,오에스피
0097F0,미래에셋비전스팩10호
002680,한탑
489730,디비금융제13호스팩
0099X0,IBKS제25호스팩
149010,아이케이세미콘
471050,대신밸런스제17호스팩
478390,KB제29호스팩
253610,루트락
0093G0,미래에셋비전스팩8호
0037T0,KB제32호스팩
054180,메디콕스
0054V0,엔에이치스팩32호
492220,KB제31호스팩
0088D0,메리츠제1호스팩
419540,비스토스
0131D0,키움히어로제2호스팩
0091W0,신영스팩11호
482520,교보16호스팩
291810,핀텔
025870,신라에스지
065570,삼영이엔씨
482690,대신밸런스제19호스팩
477760,DB금융스팩12호
0041L0,하나35호스팩
224760,엔에스컴퍼니
001755,한양증권우
0132G0,교보20호스팩
38380K,LX홀딩스1우
084695,대상홀딩스우
084180,수성웹툰
050090,비케이홀딩스
012205,계양전기우
176590,코나솔
145995,삼양사우
069920,엑시온그룹
0071M0,삼성스팩11호
469900,하나31호스팩
060240,스타코링크
012340,뉴인텍
225430,케이엠제약
487360,신한제14호스팩
474660,신한제12호스팩
477470,미래에셋비전스팩5호
0105P0,유진스팩12호
496070,신한제16호스팩
474490,유안타제16호스팩
004105,태양금속우
0129K0,신한제18호스팩
008290,원풍물산
289170,바이오텐
004255,NPC우
0098T0,교보19호스팩
0096D0,미래에셋비전스팩9호
486630,KB제30호스팩
489210,교보17호스팩
011080,형지I&C
0130D0,신한제17호스팩
493790,유안타제17호스팩
0004Y0,디비금융제14호스팩
073190,듀오백
008500,일정실업
043100,알파AI
035290,골드앤에스
469480,IBKS제24호스팩
466690,키움히어로제1호스팩
472220,신영스팩10호
478110,이베스트스팩6호
498390,한화플러스제5호스팩
0041B0,교보18호스팩
001515,SK증권우
238500,솔루믹스
009620,삼보산업
33637L,솔루스첨단소재2우B
488060,유진스팩11호
001067,JW중외제약2우B
121850,코이즈
106080,케이이엠텍
145210,다이나믹디자인
103660,씨앗
302920,더콘텐츠온
003075,코오롱글로벌우
464440,한국제13호스팩
484130,하나34호스팩
236340,메디젠휴먼케어
244880,나눔테크
473950,에스케이증권제13호스팩
467930,IBKS제23호스팩
465320,교보15호스팩
178600,대동고려삼
468760,유진스팩10호
487830,신한제15호스팩
0068Y0,비엔케이제3호스팩
000225,유유제약1우
472230,에스케이증권제11호스팩
487720,키움제10호스팩
189350,코셋
03481K,해성산업1우
341170,퓨쳐메디신
185190,수프로
0041J0,엘에스스팩1호
309930,조이웍스앤코
004835,덕성우
079970,투비소프트
001065,JW중외제약우
475250,하나33호스팩
004985,성신양회우
474930,신한제13호스팩
236030,씨알푸드
212310,오건에코텍
066830,제노텍
114920,대주이엔티
276040,스코넥
473000,에스케이증권제12호스팩
101390,아이엠
475240,하나32호스팩
199150,데이터스트림즈
251280,안지오랩
000325,노루홀딩스우
199290,바이오프로테크
204210,JK리버스톤리츠
332190,오션스바이오
26490K,크라운제과우
447690,아이오바이오
276240,엘리비젼
267080,세븐브로이맥주
224810,엄지하우스
202960,판도라티비
215570,크로넥스
044180,KD
009415,태영건설우
234070,에이원큐브텍
318660,타임기술
121060,유니포인트
313760,캐리
266350,팡스카이
090355,노루페인트우
258050,테크트랜스
327610,펨토바이오메드
311960,인터로이드
346010,타이드
000545,흥국화재우
043090,더테크놀로지
000145,하이트진로홀딩스우
116100,태양기계
052770,아이톡시
299480,지앤이헬스케어
136660,큐엠씨
266470,바이오인프라생명과학
217910,에스제이켐
014825,동원시스템즈우
092590,럭스피아
014285,금강공업우
005965,동부건설우
005745,크라운해태홀딩스우
36328K,티와이홀딩스우
208890,미래엔에듀파트너
002995,금호건설우
004545,깨끗한나라우
007575,일양약품우
000227,유유제약2우B
223220,로지스몬
402420,켈스
008355,남선알미우
140910,에이리츠
390110,애니메디솔루션
001525,동양우
093510,엔지브이아이
002785,진흥기업우B
014915,성문전자우
413300,티엘엔지니어링
140660,위월드
001527,동양2우B
002787,진흥기업2우B
245450,씨앤에스링크
021045,대호특수강우
011155,CJ씨푸드1우
448780,마이크로엔엑스
004415,서울식품우
296520,가이아코퍼레이션
032685,소프트센우
266170,레드우즈
279060,이노벡스
230980,비유테크놀러지
